[
  {
    "name": "Pine Avenue",
    "address": "96VX+PCQ, Pine Ave, Wocland Villas Block N Valencia, Lahore, Pakistan"
  },
  {
    "name": "Bahria Civic Center",
    "address": "Civic center Flat A-1, Al-Bahrain Complex, Block A, Civic Center Bahria Town, Civic Center Bahria Town, Civic, Islamabad, Punjab 46220, Pakistan"
  },
  {
    "name": "Allama Iqbal Town",
    "address": "6-D main boulevard allama iqbal town, huma block allama iqbal town lahore, punjab 54000, Pakistan"
  },
  {
    "name": "Fl0 Islamabad ",
    "address": "Plot no 2-D sector F10 islamabad"
  },
  {
    "name": "F7 New",
    "address": "13K Bhittai Road"
  },
  {
    "name": "E11/2",
    "address": "E11/2 islamabad, islamabad capital territory, Pakistan"
  },
  {
    "name": "Wah Rawalpindi",
    "address": "Main grand trunk Rd, near saddar pso pump, wah cantt, rawalpindi, punjab, Pakistan"
  },
  {
    "name": " Gulshan E Ravi lahore",
    "address": "416 Main Blvd Gulshan-e-Ravi, C Block Block C Gulshan-e-Ravi, Lahore, Punjab 54500, Pakistan"
  },
   {
    "name": " Okara",
    "address": "TEHSIL ROAD OPPOSITE SARAA PETROL PUMP OKARA"


  }
]
